Attrition,Age,Department,JobRole,JobLevel,MonthlyIncome,OverTime,DistanceFromHome,JobSatisfaction,EnvironmentSatisfaction,TotalWorkingYears,YearsAtCompany
Left,37,Research & Development,Healthcare Representative,2,4777.0,No,11,2,1,15,1
Left,51,Research & Development,Research Scientist,1,2461.0,Yes,4,3,1,18,10
Stayed,42,Sales,Sales Executive,4,13525.0,No,26,2,3,23,20
Stayed,40,Sales,Sales Executive,2,7457.0,Yes,1,4,2,6,4
Left,55,Research & Development,Manager,5,17490.875,Yes,2,1,4,24,5
Stayed,36,Research & Development,Laboratory Technician,1,2153.0,No,18,4,2,8,8
Stayed,32,Research & Development,Research Director,3,11159.0,No,3,4,3,10,7
Stayed,25,Sales,Sales Executive,2,4256.0,No,4,1,3,5,5
Left,20,Research & Development,Laboratory Technician,1,2973.0,No,4,1,1,1,1
Stayed,42,Research & Development,Research Director,4,15992.0,No,23,4,1,16,1
Stayed,31,Research & Development,Healthcare Representative,2,5855.0,Yes,12,4,4,10,9
Stayed,38,Research & Development,Research Scientist,2,5329.0,Yes,6,4,2,17,13
Stayed,39,Research & Development,Healthcare Representative,2,4553.0,No,2,3,4,20,20
Stayed,54,Research & Development,Research Director,5,17490.875,No,5,1,1,24,4
Stayed,49,Research & Development,Manager,5,17490.875,No,4,3,1,23,1
Stayed,24,Research & Development,Research Scientist,1,2725.0,Yes,23,4,2,6,6
Stayed,40,Research & Development,Manufacturing Director,4,13237.0,No,6,3,2,22,20
Stayed,41,Sales,Sales Executive,2,6230.0,No,10,4,4,16,14
Stayed,32,Sales,Sales Executive,2,5228.0,Yes,8,2,3,13,13
Left,24,Research & Development,Research Scientist,1,2293.0,Yes,1,4,2,6,2
Stayed,39,Research & Development,Manager,4,17123.0,Yes,13,2,3,21,19
Stayed,59,Human Resources,Human Resources,1,2267.0,No,6,3,2,7,2
Stayed,36,Research & Development,Healthcare Representative,2,6586.0,Yes,14,4,3,17,16
Stayed,30,Research & Development,Laboratory Technician,2,3491.0,No,7,3,3,10,10
Stayed,38,Human Resources,Human Resources,1,2844.0,No,1,3,3,7,7
Left,28,Sales,Sales Representative,1,2909.0,No,1,3,1,5,3
Stayed,31,Research & Development,Research Scientist,1,2695.0,Yes,2,4,3,3,2
Stayed,36,Sales,Sales Executive,2,6653.0,No,1,4,4,7,1
Stayed,32,Research & Development,Manufacturing Director,2,6162.0,Yes,1,4,1,9,9
Stayed,28,Sales,Sales Executive,2,4221.0,No,4,3,2,5,5
Left,31,Sales,Sales Executive,2,6172.0,Yes,6,3,2,12,7
Stayed,50,Sales,Sales Representative,1,3875.0,No,8,2,4,4,2
Stayed,39,Research & Development,Healthcare Representative,3,9613.0,No,1,4,3,19,18
Stayed,35,Research & Development,Laboratory Technician,1,2426.0,No,16,2,1,6,5
Stayed,32,Sales,Sales Executive,2,6524.0,No,5,2,2,10,10
Left,26,Research & Development,Laboratory Technician,1,2377.0,No,21,3,1,1,1
Stayed,30,Research & Development,Healthcare Representative,2,4152.0,No,2,4,3,11,11
Stayed,38,Research & Development,Manufacturing Director,3,9526.0,No,23,3,4,10,9
Stayed,21,Sales,Sales Representative,1,3447.0,No,22,3,3,3,3
Stayed,35,Research & Development,Manufacturing Director,3,10221.0,No,7,3,3,17,8
Stayed,26,Research & Development,Manufacturing Director,2,6397.0,No,1,2,3,6,6
Left,31,Research & Development,Laboratory Technician,1,3722.0,Yes,2,4,2,7,2
Stayed,32,Research & Development,Laboratory Technician,1,2370.0,No,2,2,3,8,8
Stayed,32,Sales,Sales Executive,2,5396.0,No,10,4,4,10,10
Stayed,34,Research & Development,Research Scientist,1,2768.0,No,2,3,4,14,7
Stayed,33,Research & Development,Manager,3,11878.0,No,5,2,4,12,10
Stayed,47,Research & Development,Manufacturing Director,2,5070.0,No,2,4,1,20,5
Stayed,30,Research & Development,Laboratory Technician,1,3833.0,No,1,3,4,7,2
Stayed,58,Research & Development,Research Scientist,1,3346.0,Yes,9,2,2,9,1
Left,37,Sales,Sales Executive,3,10609.0,No,1,3,1,17,14
Stayed,38,Research & Development,Laboratory Technician,1,2288.0,No,9,4,3,2,2
Left,43,Sales,Sales Executive,2,5346.0,No,9,3,1,7,4
Stayed,52,Research & Development,Manufacturing Director,4,13247.0,Yes,28,3,4,24,5
Stayed,44,Sales,Sales Executive,2,5454.0,Yes,1,1,2,9,4
Stayed,59,Research & Development,Research Scientist,1,2177.0,No,3,4,3,7,1
Stayed,42,Research & Development,Manufacturing Director,2,5265.0,No,21,3,3,11,5
Stayed,45,Sales,Sales Executive,2,4805.0,No,2,2,4,9,8
Left,21,Research & Development,Research Scientist,1,2693.0,No,18,4,4,1,1
Stayed,23,Research & Development,Research Scientist,1,2819.0,No,4,1,1,5,3
Stayed,54,Sales,Sales Executive,2,5940.0,No,3,1,4,16,6
Stayed,41,Research & Development,Research Scientist,1,3376.0,No,7,3,2,10,10
Stayed,45,Research & Development,Healthcare Representative,3,10851.0,Yes,20,1,2,24,7
Stayed,45,Sales,Sales Executive,3,8865.0,No,6,4,4,23,19
Stayed,55,Sales,Sales Executive,3,10239.0,No,1,4,1,24,1
Stayed,34,Research & Development,Manufacturing Director,2,9547.0,No,2,3,4,10,10
Stayed,57,Research & Development,Research Scientist,2,4900.0,No,1,3,2,13,12
Stayed,33,Research & Development,Research Scientist,1,2622.0,No,4,2,3,7,3
Stayed,32,Research & Development,Laboratory Technician,1,2314.0,No,1,4,4,4,3
Left,21,Research & Development,Laboratory Technician,1,2625.0,No,10,3,1,2,2
Left,34,Sales,Sales Representative,1,2351.0,No,6,3,4,3,2
Stayed,27,Sales,Sales Executive,2,9981.0,No,20,3,4,7,7
Stayed,36,Research & Development,Laboratory Technician,1,2741.0,No,6,3,3,7,7
Left,41,Research & Development,Research Director,5,17490.875,No,12,3,2,23,22
Stayed,33,Research & Development,Healthcare Representative,2,7725.0,No,6,4,3,15,13
Left,18,Research & Development,Laboratory Technician,1,1904.0,No,8,3,3,0,0
Stayed,27,Research & Development,Research Scientist,1,2279.0,No,9,2,4,7,7
Stayed,22,Research & Development,Manufacturing Director,2,4775.0,No,1,4,4,4,2
Left,33,Research & Development,Laboratory Technician,1,2436.0,Yes,14,4,3,8,5
Stayed,42,Research & Development,Healthcare Representative,2,4523.0,No,28,4,4,7,6
Stayed,29,Research & Development,Research Scientist,1,2720.0,No,1,4,2,10,10
Stayed,35,Research & Development,Laboratory Technician,2,5363.0,No,1,4,4,10,9
Stayed,37,Sales,Sales Executive,3,8834.0,No,9,2,1,9,9
Left,52,Sales,Manager,5,17490.875,No,2,4,1,33,32
Stayed,31,Sales,Sales Executive,2,6929.0,No,7,4,2,10,8
Stayed,29,Sales,Sales Representative,1,2642.0,No,10,3,3,1,1
Left,32,Sales,Sales Executive,2,4707.0,No,11,3,4,6,4
Stayed,35,Research & Development,Healthcare Representative,3,9884.0,Yes,11,1,3,10,4
Stayed,43,Research & Development,Research Director,5,17490.875,No,3,4,3,25,8
Stayed,33,Research & Development,Research Scientist,1,2500.0,No,2,4,3,4,3
Stayed,37,Sales,Sales Executive,2,6694.0,Yes,10,4,4,8,1
Left,27,Research & Development,Research Scientist,1,2394.0,Yes,17,3,4,8,8
Stayed,28,Research & Development,Research Scientist,1,3201.0,No,2,2,1,6,5
Stayed,27,Research & Development,Manufacturing Director,3,8793.0,No,10,1,4,9,9
Stayed,37,Sales,Sales Executive,2,6334.0,No,16,3,4,9,1
Stayed,27,Research & Development,Research Scientist,1,2539.0,No,6,3,4,4,4
Stayed,37,Sales,Sales Representative,1,2793.0,No,4,4,1,13,9
Stayed,31,Research & Development,Healthcare Representative,2,6812.0,No,24,1,3,10,10
Stayed,48,Research & Development,Research Director,5,17490.875,No,1,4,4,25,1
Stayed,36,Research & Development,Manufacturing Director,2,5228.0,No,1,2,3,10,9
Stayed,37,Research & Development,Manufacturing Director,2,6474.0,No,1,4,4,14,14
Stayed,38,Sales,Sales Executive,2,8686.0,No,1,4,1,12,8
Stayed,32,Sales,Sales Executive,2,4403.0,No,13,4,2,8,5
Stayed,28,Research & Development,Research Scientist,2,3660.0,No,10,3,3,10,8
Stayed,43,Research & Development,Research Scientist,1,4739.0,No,28,3,2,18,3
Stayed,30,Research & Development,Research Scientist,1,3579.0,Yes,1,2,4,12,11
Stayed,33,Sales,Manager,4,17444.0,No,17,3,4,10,10
Stayed,43,Research & Development,Manufacturing Director,2,4765.0,No,8,2,1,4,1
Stayed,42,Research & Development,Research Director,3,13191.0,Yes,26,1,1,20,1
Stayed,37,Research & Development,Laboratory Technician,1,3452.0,No,10,1,3,17,5
Stayed,24,Sales,Sales Representative,1,2400.0,No,24,4,4,3,2
Stayed,37,Research & Development,Research Scientist,2,4449.0,Yes,25,3,2,15,13
Stayed,37,Sales,Sales Executive,2,9602.0,Yes,2,3,4,17,3
Stayed,40,Research & Development,Research Scientist,2,5605.0,No,26,2,2,20,20
Left,55,Sales,Sales Executive,2,5160.0,No,2,4,3,12,9
Stayed,34,Sales,Sales Executive,2,6125.0,No,15,1,3,10,10
Stayed,18,Sales,Sales Representative,1,1200.0,No,10,3,4,0,0
Stayed,41,Sales,Manager,4,16015.0,No,2,2,4,22,22
Stayed,44,Sales,Sales Executive,2,4768.0,No,1,3,1,11,1
Stayed,42,Sales,Sales Executive,2,6825.0,No,8,2,3,10,9
Stayed,51,Research & Development,Healthcare Representative,4,13734.0,No,3,2,4,21,7
Left,32,Research & Development,Laboratory Technician,1,3730.0,Yes,1,3,4,4,3
Stayed,31,Sales,Manager,3,11557.0,No,7,4,3,10,5
Stayed,31,Research & Development,Manufacturing Director,2,4148.0,No,1,1,3,4,4
Left,30,Research & Development,Laboratory Technician,1,2422.0,No,5,2,2,4,3
Stayed,36,Research & Development,Research Scientist,1,2543.0,No,2,3,4,6,2
Stayed,28,Research & Development,Laboratory Technician,1,2207.0,No,15,3,1,4,4
Stayed,30,Research & Development,Manufacturing Director,2,9957.0,No,20,1,3,7,6
Stayed,35,Sales,Sales Representative,1,2014.0,No,2,4,4,2,2
Stayed,59,Research & Development,Manufacturing Director,3,10512.0,No,18,4,4,25,9
Stayed,39,Research & Development,Healthcare Representative,3,10920.0,No,25,3,3,13,6
Stayed,29,Sales,Sales Executive,2,4554.0,No,2,4,2,10,10
Left,34,Human Resources,Human Resources,3,9950.0,Yes,23,1,2,11,3
Stayed,36,Research & Development,Research Scientist,2,4485.0,No,3,2,3,10,8
Stayed,30,Research & Development,Research Scientist,1,3204.0,No,5,1,4,8,3
Stayed,27,Research & Development,Research Director,3,12808.0,Yes,5,4,3,9,9
Stayed,43,Research & Development,Healthcare Representative,3,9985.0,No,7,1,3,10,1
Stayed,38,Research & Development,Research Director,3,11510.0,Yes,15,4,3,12,11
Stayed,31,Sales,Sales Representative,1,2791.0,No,20,4,3,3,2
Stayed,30,Sales,Sales Executive,2,5304.0,No,27,4,3,10,8
Stayed,44,Sales,Sales Executive,4,13320.0,Yes,28,4,4,23,12
Stayed,23,Research & Development,Laboratory Technician,1,2500.0,No,9,1,2,5,4
Left,21,Research & Development,Laboratory Technician,1,1416.0,No,10,1,3,1,1
Stayed,31,Research & Development,Research Scientist,1,2356.0,Yes,11,4,4,8,6
Left,46,Sales,Sales Executive,3,10096.0,No,9,4,1,28,7
Stayed,53,Research & Development,Laboratory Technician,2,2450.0,No,6,4,4,19,2
Stayed,49,Research & Development,Research Scientist,1,3580.0,No,1,1,3,7,4
Stayed,46,Research & Development,Research Scientist,2,4615.0,Yes,8,1,4,19,16
Stayed,31,Research & Development,Research Scientist,1,3929.0,Yes,12,4,3,7,4
Stayed,58,Research & Development,Research Director,5,17490.875,Yes,1,1,4,32,9
Stayed,34,Sales,Sales Executive,2,4568.0,No,23,3,2,10,9
Stayed,35,Research & Development,Research Scientist,1,2194.0,No,1,1,2,5,3
Stayed,32,Research & Development,Research Scientist,1,3298.0,Yes,5,2,1,7,6
Stayed,35,Research & Development,Laboratory Technician,1,4230.0,No,22,3,4,6,5
Stayed,19,Research & Development,Research Scientist,1,2994.0,Yes,25,4,2,1,1
Stayed,28,Sales,Sales Executive,2,8463.0,No,5,1,4,6,5
Left,32,Sales,Sales Executive,3,10400.0,No,4,4,4,14,14
Stayed,43,Research & Development,Healthcare Representative,2,5562.0,No,1,4,4,12,5
Stayed,37,Research & Development,Healthcare Representative,2,5731.0,No,25,4,3,9,6
Stayed,38,Research & Development,Manufacturing Director,2,6553.0,No,2,3,4,14,1
Stayed,30,Human Resources,Human Resources,2,6347.0,Yes,9,4,3,12,11
Stayed,53,Sales,Sales Representative,2,2306.0,Yes,6,3,2,13,7
Stayed,42,Sales,Sales Executive,2,4907.0,No,1,3,2,20,20
Stayed,30,Research & Development,Research Scientist,1,2083.0,No,3,3,3,1,1
Left,25,Sales,Sales Representative,1,2413.0,Yes,19,2,3,1,1
Stayed,53,Research & Development,Research Director,4,16598.0,No,2,2,4,35,9
Stayed,29,Sales,Sales Representative,1,2297.0,No,10,2,4,2,2
Left,42,Sales,Sales Executive,4,13758.0,Yes,12,1,3,22,21
Stayed,34,Research & Development,Research Scientist,1,2553.0,No,16,4,3,6,5
Stayed,28,Human Resources,Human Resources,1,4936.0,No,8,4,2,6,5
Stayed,43,Sales,Manager,4,16064.0,Yes,16,4,4,22,17
Stayed,37,Sales,Sales Executive,2,6502.0,No,6,4,3,7,5
Stayed,44,Human Resources,Human Resources,2,5985.0,No,1,3,1,10,2
Stayed,34,Research & Development,Research Scientist,1,2029.0,No,26,3,1,5,5
Stayed,28,Sales,Sales Executive,2,5253.0,No,9,4,2,7,7
Stayed,40,Sales,Sales Executive,2,8396.0,No,26,1,3,8,7
Stayed,34,Sales,Sales Executive,2,6500.0,No,8,1,3,6,3
Stayed,44,Research & Development,Healthcare Representative,2,5933.0,No,4,2,4,10,5
Stayed,25,Research & Development,Research Scientist,1,3424.0,No,2,1,1,6,4
Left,34,Research & Development,Research Scientist,1,2960.0,No,6,1,2,8,4
Stayed,60,Research & Development,Manager,5,17490.875,No,7,1,1,33,29
Stayed,32,Sales,Sales Executive,2,9204.0,No,7,4,4,7,4
Stayed,36,Research & Development,Research Scientist,1,4678.0,No,7,4,2,8,6
Stayed,32,Research & Development,Laboratory Technician,1,4025.0,No,29,3,4,10,8
Stayed,42,Human Resources,Manager,4,16799.0,No,10,1,3,21,20
Left,40,Sales,Sales Executive,2,6380.0,Yes,22,3,3,8,6
Left,25,Sales,Sales Executive,2,5744.0,Yes,5,3,3,6,6
Stayed,24,Research & Development,Laboratory Technician,1,2774.0,No,18,3,2,6,5
Stayed,35,Research & Development,Healthcare Representative,2,4014.0,Yes,21,4,4,10,10
Stayed,48,Sales,Sales Executive,2,8120.0,No,2,2,2,12,2
Stayed,50,Research & Development,Research Director,4,17399.0,No,1,4,4,32,5
Stayed,54,Research & Development,Research Director,4,17490.875,No,3,4,4,36,10
Stayed,30,Sales,Sales Representative,1,2476.0,No,2,2,3,1,1
Left,31,Sales,Sales Executive,2,4559.0,Yes,20,3,2,4,2
Left,39,Sales,Sales Executive,2,5238.0,Yes,3,3,4,12,1
Left,51,Research & Development,Manufacturing Director,3,10650.0,No,8,4,1,18,4
Stayed,44,Research & Development,Laboratory Technician,1,3162.0,No,5,3,3,7,5
Stayed,50,Research & Development,Research Director,5,17490.875,Yes,7,3,2,29,27
Stayed,32,Research & Development,Research Scientist,2,6220.0,No,1,2,2,10,10
Stayed,44,Research & Development,Manager,5,17490.875,No,4,1,3,26,25
Stayed,53,Sales,Manager,4,15427.0,No,2,4,1,31,25
Stayed,55,Sales,Manager,4,16835.0,No,18,2,1,37,10
Stayed,38,Sales,Sales Executive,2,5666.0,Yes,10,4,3,6,5
Left,34,Human Resources,Human Resources,1,2742.0,No,9,3,1,2,2
Stayed,36,Research & Development,Manufacturing Director,3,8858.0,No,12,4,4,15,14
Stayed,57,Research & Development,Healthcare Representative,3,9439.0,Yes,24,4,3,12,5
Stayed,36,Research & Development,Laboratory Technician,2,5810.0,No,4,4,1,10,10
Left,28,Research & Development,Laboratory Technician,1,3485.0,No,2,3,1,5,0
Stayed,35,Research & Development,Laboratory Technician,2,3681.0,No,25,4,1,9,3
Stayed,27,Sales,Sales Executive,2,4647.0,Yes,3,4,4,6,6
Left,37,Human Resources,Human Resources,1,2073.0,Yes,6,1,3,7,3
Left,50,Sales,Sales Representative,1,2683.0,Yes,3,3,1,3,3
Stayed,45,Research & Development,Manager,4,16792.0,No,2,4,1,22,20
Stayed,27,Sales,Sales Executive,2,4342.0,No,8,4,3,5,4
Stayed,41,Sales,Manager,4,16595.0,No,2,1,2,22,18
Stayed,30,Research & Development,Laboratory Technician,1,2564.0,No,2,4,3,12,11
Stayed,32,Sales,Sales Representative,1,2827.0,No,2,1,3,1,1
Stayed,55,Research & Development,Research Director,5,17490.875,No,14,2,3,36,24
Left,32,Research & Development,Laboratory Technician,2,4883.0,No,7,3,4,10,10
Stayed,54,Research & Development,Manufacturing Director,3,10502.0,No,1,3,4,33,5
Left,44,Research & Development,Research Scientist,1,2936.0,Yes,10,3,3,6,6
Stayed,32,Research & Development,Research Scientist,2,6322.0,Yes,9,4,1,6,6
Stayed,33,Sales,Sales Representative,1,2342.0,No,8,4,2,3,2
Stayed,27,Research & Development,Research Scientist,1,2024.0,No,9,2,4,6,2
Stayed,33,Research & Development,Research Scientist,1,2799.0,Yes,1,1,3,6,3
Left,47,Research & Development,Manager,3,11849.0,Yes,29,2,1,10,10
Left,19,Research & Development,Research Scientist,1,1859.0,Yes,10,2,1,1,1
Stayed,37,Research & Development,Healthcare Representative,2,5163.0,No,2,4,3,17,1
Stayed,56,Research & Development,Manufacturing Director,4,13402.0,Yes,23,2,4,33,19
Stayed,29,Research & Development,Laboratory Technician,2,4193.0,Yes,15,3,4,10,9
Stayed,38,Research & Development,Research Director,3,12061.0,No,25,2,1,19,10
Stayed,42,Research & Development,Healthcare Representative,2,6781.0,No,2,4,1,14,1
Stayed,54,Research & Development,Manufacturing Director,3,10739.0,No,17,3,3,22,10
Stayed,29,Research & Development,Research Scientist,1,2703.0,No,2,2,3,6,5
Stayed,26,Sales,Sales Executive,2,4294.0,No,1,1,3,7,7
Stayed,37,Sales,Sales Executive,3,7642.0,Yes,19,2,1,10,10
Stayed,31,Research & Development,Laboratory Technician,2,5915.0,No,7,4,4,10,7
Left,45,Sales,Sales Executive,2,4286.0,No,26,1,1,5,1
Stayed,43,Research & Development,Research Director,4,17159.0,No,14,1,2,22,4
Stayed,29,Research & Development,Research Director,3,11935.0,No,3,3,2,10,10
Stayed,30,Sales,Sales Executive,3,7264.0,No,8,3,3,10,8
Stayed,40,Research & Development,Healthcare Representative,4,13503.0,No,1,2,3,22,22
Stayed,56,Sales,Sales Executive,4,13212.0,No,6,1,3,36,7
Stayed,25,Sales,Sales Executive,2,6232.0,No,18,3,1,6,3
Stayed,42,Human Resources,Human Resources,2,6272.0,No,2,1,4,10,4
Stayed,32,Sales,Sales Executive,3,8998.0,No,8,4,2,9,9
Stayed,32,Research & Development,Laboratory Technician,2,5309.0,No,24,4,1,10,10
Stayed,55,Research & Development,Laboratory Technician,2,5415.0,Yes,20,4,2,12,10
Stayed,27,Research & Development,Laboratory Technician,1,4621.0,No,8,3,1,3,3
Stayed,38,Research & Development,Research Scientist,1,2821.0,No,3,3,3,8,2
Stayed,37,Sales,Sales Representative,1,2973.0,No,21,4,3,10,5
Stayed,26,Research & Development,Healthcare Representative,2,4741.0,Yes,11,1,1,5,5
Stayed,45,Research & Development,Manager,5,17490.875,No,1,4,3,25,24
Stayed,26,Sales,Sales Executive,2,4157.0,Yes,23,4,3,5,2
Stayed,41,Sales,Sales Executive,3,8189.0,Yes,9,3,3,12,9
Stayed,19,Research & Development,Research Scientist,1,2552.0,No,9,1,3,1,1
Stayed,40,Sales,Sales Executive,3,10855.0,No,4,4,3,15,12
Stayed,43,Research & Development,Laboratory Technician,2,5257.0,No,10,3,3,9,9
Stayed,35,Research & Development,Laboratory Technician,1,1281.0,No,3,3,3,1,1
Stayed,52,Sales,Manager,4,16856.0,No,3,1,3,34,34
Stayed,49,Research & Development,Manufacturing Director,2,6567.0,No,20,1,3,16,15
Stayed,37,Research & Development,Laboratory Technician,1,3500.0,No,5,3,3,7,6
Stayed,43,Research & Development,Laboratory Technician,1,2258.0,No,21,4,4,8,3
Stayed,23,Sales,Sales Representative,1,2322.0,No,2,1,3,3,0
Stayed,55,Research & Development,Manager,4,14756.0,Yes,8,3,4,21,5
Stayed,53,Research & Development,Research Director,4,14275.0,No,23,4,4,33,12
Stayed,34,Research & Development,Healthcare Representative,2,5343.0,No,1,1,4,14,13
Left,58,Research & Development,Research Scientist,1,2479.0,No,2,3,4,7,1
Stayed,34,Research & Development,Healthcare Representative,2,7756.0,No,3,4,1,7,6
Stayed,30,Research & Development,Manufacturing Director,3,8474.0,No,1,3,3,12,11
Stayed,32,Research & Development,Research Scientist,1,3038.0,No,6,3,3,8,5
Stayed,36,Research & Development,Laboratory Technician,2,5914.0,No,5,2,4,16,13
Stayed,40,Sales,Sales Executive,2,4327.0,No,2,2,2,5,0
Stayed,36,Research & Development,Laboratory Technician,2,5674.0,No,24,2,2,11,9
Stayed,21,Research & Development,Research Scientist,1,1232.0,No,15,4,3,0,0
Stayed,34,Sales,Sales Representative,1,2579.0,Yes,14,3,3,8,8
Stayed,34,Research & Development,Research Scientist,2,4809.0,No,6,3,1,16,16
Stayed,39,Human Resources,Human Resources,2,5204.0,No,2,4,4,13,5
Stayed,45,Research & Development,Research Scientist,2,3697.0,No,8,4,4,12,10
Left,31,Research & Development,Laboratory Technician,1,3479.0,No,29,2,3,6,5
Stayed,38,Sales,Sales Executive,2,6861.0,Yes,3,4,2,19,1
Stayed,31,Research & Development,Research Director,3,13675.0,No,3,3,2,9,2
Stayed,26,Research & Development,Laboratory Technician,1,2659.0,Yes,6,4,3,3,3
Stayed,30,Research & Development,Laboratory Technician,2,4627.0,No,6,4,1,10,9
Stayed,34,Research & Development,Healthcare Representative,3,8500.0,No,9,4,4,10,9
Stayed,35,Research & Development,Research Scientist,1,3506.0,Yes,6,3,3,4,3
Stayed,27,Research & Development,Laboratory Technician,1,2341.0,No,2,1,4,1,1
Stayed,31,Research & Development,Research Scientist,1,4821.0,Yes,5,4,3,6,5
Stayed,39,Research & Development,Laboratory Technician,1,3755.0,No,8,3,3,8,8
Stayed,29,Research & Development,Research Scientist,1,2700.0,No,23,3,3,10,10
Left,29,Sales,Sales Executive,3,7639.0,No,27,4,2,10,10
Left,44,Research & Development,Laboratory Technician,1,2362.0,No,3,1,1,10,3
Stayed,26,Research & Development,Research Scientist,1,2368.0,No,6,2,3,5,5
Stayed,48,Sales,Sales Executive,2,4051.0,No,2,4,2,14,9
Stayed,38,Research & Development,Research Scientist,2,4317.0,Yes,3,3,4,19,3
Left,23,Research & Development,Laboratory Technician,1,1601.0,Yes,6,1,3,1,0
Stayed,50,Research & Development,Manufacturing Director,4,13973.0,Yes,24,3,4,22,12
Stayed,37,Sales,Sales Executive,3,7428.0,No,3,4,3,12,5
Stayed,31,Human Resources,Human Resources,1,2109.0,No,8,2,4,8,3
Left,49,Sales,Sales Executive,3,7654.0,No,11,4,3,9,9
Stayed,34,Research & Development,Laboratory Technician,2,4444.0,No,19,2,3,15,11
Left,41,Sales,Sales Executive,2,5993.0,Yes,1,4,2,8,6
Stayed,34,Research & Development,Healthcare Representative,2,6142.0,No,8,3,2,10,5
Stayed,39,Research & Development,Healthcare Representative,3,10938.0,No,2,3,3,20,19
Left,32,Research & Development,Research Scientist,1,3919.0,Yes,16,1,2,10,10
Stayed,37,Research & Development,Research Scientist,1,2326.0,Yes,9,4,2,4,4
Left,30,Research & Development,Research Scientist,1,2132.0,Yes,22,3,1,7,5
Stayed,55,Research & Development,Manager,5,17490.875,Yes,1,1,4,37,36
Stayed,37,Research & Development,Research Scientist,1,4680.0,No,10,4,4,4,1
Stayed,35,Sales,Sales Executive,2,4717.0,No,1,3,2,15,11
Stayed,46,Research & Development,Healthcare Representative,3,10673.0,Yes,1,1,3,21,10
Stayed,36,Research & Development,Laboratory Technician,1,2835.0,No,3,4,1,7,1
Stayed,24,Research & Development,Laboratory Technician,1,3162.0,No,4,4,1,6,5
Stayed,50,Research & Development,Research Director,5,17490.875,Yes,2,3,2,29,8
Stayed,32,Research & Development,Laboratory Technician,1,2332.0,No,1,2,3,5,3
Stayed,34,Research & Development,Research Scientist,1,4381.0,No,2,1,3,6,6
Stayed,26,Research & Development,Laboratory Technician,1,3578.0,No,7,1,3,8,7
Stayed,33,Sales,Sales Executive,2,5376.0,No,1,1,3,10,5
Stayed,38,Research & Development,Research Scientist,1,2684.0,No,10,3,3,3,2
Stayed,37,Research & Development,Laboratory Technician,1,3629.0,No,11,3,1,8,3
Stayed,35,Research & Development,Healthcare Representative,3,7632.0,Yes,16,3,4,10,8
Stayed,32,Research & Development,Laboratory Technician,2,2176.0,No,2,1,4,9,6
Stayed,38,Research & Development,Manufacturing Director,2,5980.0,Yes,2,1,1,17,15
Stayed,39,Research & Development,Manager,4,17068.0,Yes,10,1,3,21,21
Stayed,33,Research & Development,Research Scientist,1,2781.0,No,9,4,1,15,14
Stayed,59,Sales,Sales Executive,2,5171.0,No,3,4,3,13,6
Stayed,36,Sales,Sales Executive,2,6201.0,Yes,1,4,2,18,18
Stayed,37,Research & Development,Research Director,3,12185.0,Yes,11,4,2,10,10
Stayed,28,Research & Development,Research Scientist,1,3310.0,No,8,4,4,5,5
Stayed,49,Research & Development,Research Director,5,17490.875,Yes,18,3,4,31,31
Stayed,34,Research & Development,Research Scientist,1,3622.0,Yes,1,4,2,6,6
Left,35,Sales,Sales Executive,3,9582.0,Yes,4,1,4,9,8
Stayed,27,Sales,Sales Executive,3,8726.0,No,8,3,4,9,9
Stayed,48,Research & Development,Healthcare Representative,3,10999.0,No,4,3,3,27,15
Stayed,41,Research & Development,Laboratory Technician,1,2238.0,No,9,1,3,7,5
Stayed,36,Research & Development,Research Scientist,1,3692.0,No,3,2,3,12,11
Stayed,40,Research & Development,Healthcare Representative,2,4876.0,No,9,4,4,5,3
Stayed,31,Research & Development,Manufacturing Director,2,4424.0,No,8,4,3,11,11
Left,20,Research & Development,Research Scientist,1,1009.0,Yes,10,3,4,1,1
Left,36,Research & Development,Research Scientist,1,3388.0,Yes,9,3,4,2,1
Stayed,35,Sales,Sales Executive,3,8789.0,No,1,3,3,10,10
Stayed,24,Research & Development,Manufacturing Director,2,4377.0,No,17,3,4,5,4
Stayed,23,Research & Development,Research Scientist,1,1223.0,No,1,3,4,1,1
Stayed,28,Research & Development,Healthcare Representative,2,5661.0,No,16,1,2,9,8
Stayed,60,Sales,Sales Executive,2,5405.0,No,16,1,1,10,2
Stayed,47,Research & Development,Manufacturing Director,2,5067.0,Yes,16,3,3,20,19
Stayed,41,Human Resources,Manager,5,17490.875,No,10,4,2,23,21
Stayed,24,Research & Development,Laboratory Technician,1,3597.0,No,24,2,4,6,4
Stayed,29,Research & Development,Laboratory Technician,1,2532.0,No,7,4,1,8,4
Left,37,Research & Development,Manufacturing Director,3,10048.0,No,10,3,1,17,1
Stayed,55,Research & Development,Healthcare Representative,2,6385.0,Yes,18,2,3,17,8
Stayed,30,Research & Development,Laboratory Technician,2,5126.0,Yes,1,4,4,10,10
Stayed,26,Sales,Sales Executive,2,6272.0,No,28,2,1,6,5
Left,29,Research & Development,Laboratory Technician,1,2119.0,Yes,8,1,2,7,7
Left,25,Research & Development,Laboratory Technician,1,4031.0,No,3,1,1,6,2
Stayed,37,Research & Development,Laboratory Technician,1,3034.0,No,14,1,4,18,18
Stayed,36,Human Resources,Human Resources,1,2342.0,No,8,1,1,6,5
Left,41,Research & Development,Research Scientist,1,2107.0,No,5,1,1,5,1
Stayed,36,Sales,Sales Executive,2,9278.0,Yes,3,2,1,15,5
Stayed,38,Research & Development,Research Director,3,13582.0,No,1,1,4,15,15
Stayed,38,Research & Development,Research Scientist,1,2619.0,No,1,1,3,8,0
Stayed,51,Sales,Manager,4,16307.0,No,26,3,1,29,20
Stayed,37,Research & Development,Research Scientist,2,5974.0,Yes,6,1,3,13,7
Left,20,Research & Development,Laboratory Technician,1,2926.0,Yes,6,4,4,1,1
Stayed,45,Research & Development,Laboratory Technician,1,2270.0,No,1,4,4,8,5
Left,24,Research & Development,Laboratory Technician,1,2210.0,No,17,2,4,1,1
Stayed,52,Research & Development,Research Scientist,2,5577.0,Yes,6,1,4,18,10
Stayed,49,Research & Development,Healthcare Representative,3,10965.0,No,7,3,2,26,5
Left,19,Sales,Sales Representative,1,1675.0,Yes,22,3,4,0,0
Stayed,24,Research & Development,Manufacturing Director,2,4011.0,No,11,3,1,5,4
Stayed,22,Research & Development,Research Scientist,1,2773.0,No,6,3,1,3,2
Stayed,42,Research & Development,Manager,5,17490.875,No,8,4,2,24,24
Stayed,33,Research & Development,Research Scientist,1,2909.0,Yes,3,3,4,8,8
Stayed,37,Research & Development,Manufacturing Director,2,5993.0,No,1,3,1,7,7
Stayed,39,Research & Development,Manager,5,17490.875,Yes,1,3,2,21,21
Stayed,36,Sales,Sales Executive,2,4639.0,No,7,1,1,17,15
Stayed,50,Research & Development,Healthcare Representative,3,10496.0,No,10,4,4,20,4
Stayed,33,Research & Development,Research Director,3,11691.0,No,7,3,3,14,13
Stayed,43,Research & Development,Laboratory Technician,2,5679.0,Yes,9,3,4,10,8
Stayed,30,Research & Development,Research Scientist,2,5775.0,No,28,4,4,11,10
Left,36,Sales,Sales Representative,1,3407.0,No,9,1,3,10,5
Stayed,27,Research & Development,Manufacturing Director,2,4227.0,No,2,4,1,4,3
Stayed,42,Research & Development,Manager,4,17490.875,No,2,1,4,23,22
Left,36,Research & Development,Laboratory Technician,2,4834.0,No,15,3,1,9,1
Stayed,29,Research & Development,Healthcare Representative,2,6623.0,Yes,7,4,3,6,6
Stayed,37,Research & Development,Manufacturing Director,3,9434.0,No,3,3,3,10,10
Stayed,40,Research & Development,Research Director,5,17490.875,No,2,3,1,22,21
Left,58,Research & Development,Research Director,5,17490.875,Yes,2,2,4,40,31
Stayed,40,Research & Development,Research Director,5,17490.875,No,14,3,3,21,20
Stayed,30,Sales,Sales Executive,3,9419.0,No,5,4,2,12,10
Left,33,Sales,Sales Executive,2,5324.0,No,16,1,1,6,3
Stayed,31,Research & Development,Manufacturing Director,2,4345.0,No,1,3,3,6,5
Stayed,30,Research & Development,Manufacturing Director,2,4695.0,Yes,9,3,3,10,8
Stayed,59,Research & Development,Laboratory Technician,1,2670.0,Yes,3,1,3,12,1
Left,49,Research & Development,Laboratory Technician,2,4284.0,No,28,1,1,20,4
Stayed,28,Sales,Sales Executive,2,4724.0,No,26,1,3,5,5
Stayed,36,Research & Development,Healthcare Representative,3,7094.0,No,10,3,4,10,7
Left,28,Research & Development,Laboratory Technician,1,2028.0,Yes,24,3,3,6,4
Left,26,Research & Development,Research Scientist,1,3102.0,No,3,1,3,7,6
Stayed,31,Sales,Sales Executive,2,6932.0,No,20,3,4,9,9
Stayed,40,Sales,Sales Executive,3,10932.0,No,28,1,3,20,1
Stayed,27,Research & Development,Laboratory Technician,1,2811.0,No,16,2,3,4,2
Stayed,50,Research & Development,Research Director,5,17490.875,Yes,1,2,1,28,8
Left,33,Research & Development,Manager,3,13610.0,Yes,15,3,2,15,7
Stayed,46,Research & Development,Healthcare Representative,3,10527.0,No,18,3,1,28,2
Left,33,Research & Development,Research Scientist,1,2313.0,Yes,25,2,1,5,2
Stayed,37,Research & Development,Research Director,3,13664.0,No,7,3,1,16,5
Stayed,26,Sales,Sales Executive,2,4306.0,No,29,3,1,8,0
Stayed,50,Sales,Manager,5,17490.875,No,1,4,4,32,7
Left,58,Research & Development,Manufacturing Director,3,10008.0,Yes,7,1,3,31,10
Stayed,31,Research & Development,Laboratory Technician,1,2218.0,No,1,1,4,4,4
Stayed,26,Research & Development,Research Scientist,1,2007.0,No,1,3,1,5,5
Left,30,Research & Development,Research Scientist,1,2285.0,Yes,4,4,3,3,1
Stayed,33,Sales,Sales Executive,2,4373.0,No,7,1,4,5,4
Stayed,59,Sales,Manager,3,11904.0,Yes,1,4,2,14,6
Stayed,45,Research & Development,Healthcare Representative,4,13496.0,Yes,20,4,3,21,20
Stayed,58,Research & Development,Healthcare Representative,3,10552.0,Yes,5,2,3,24,6
Stayed,28,Research & Development,Research Scientist,1,2713.0,No,21,4,3,5,5
Stayed,30,Sales,Sales Executive,2,6578.0,No,10,3,3,10,10
Stayed,46,Sales,Sales Executive,2,5772.0,Yes,5,4,1,14,9
Left,31,Sales,Sales Representative,1,2302.0,Yes,1,2,4,3,3
Left,31,Research & Development,Research Scientist,1,1261.0,No,8,2,1,1,1
Stayed,22,Research & Development,Research Scientist,1,2323.0,No,19,4,3,2,2
Stayed,22,Research & Development,Laboratory Technician,1,2935.0,Yes,16,4,4,1,1
Stayed,36,Research & Development,Research Scientist,1,3419.0,Yes,5,1,2,6,1
Stayed,43,Research & Development,Laboratory Technician,1,2455.0,No,10,4,3,9,8
Left,35,Research & Development,Research Scientist,1,2022.0,Yes,25,2,4,10,10
Stayed,60,Sales,Sales Executive,3,10266.0,No,28,1,3,22,18
Stayed,34,Sales,Sales Executive,2,4538.0,Yes,2,1,3,4,3
Left,39,Research & Development,Laboratory Technician,1,2404.0,Yes,6,1,4,8,2
Stayed,38,Sales,Sales Executive,3,8740.0,Yes,10,3,3,9,8
Left,33,Research & Development,Laboratory Technician,1,3408.0,No,10,4,1,8,4
Stayed,25,Sales,Sales Executive,2,4487.0,Yes,4,4,2,5,5
Stayed,49,Research & Development,Healthcare Representative,2,6651.0,No,5,3,1,20,3
Stayed,45,Human Resources,Human Resources,1,2177.0,No,24,2,2,6,6
Stayed,43,Research & Development,Research Director,4,14336.0,No,12,2,1,25,25
Stayed,34,Research & Development,Research Director,4,17007.0,No,15,1,2,16,14
Stayed,34,Sales,Sales Representative,1,2220.0,Yes,10,3,3,1,1
Stayed,23,Research & Development,Research Scientist,1,3505.0,No,10,3,1,2,2
Stayed,37,Research & Development,Research Scientist,1,2782.0,Yes,10,1,4,6,5
Stayed,35,Sales,Sales Representative,1,2572.0,No,8,4,1,3,3
Left,36,Sales,Sales Executive,3,10325.0,Yes,3,4,3,16,16
Stayed,23,Research & Development,Research Scientist,1,2904.0,No,26,4,3,4,4
Stayed,25,Sales,Sales Executive,2,6180.0,No,26,4,3,6,6
Stayed,43,Research & Development,Research Scientist,1,2089.0,No,7,4,4,7,5
Left,41,Research & Development,Laboratory Technician,1,2778.0,Yes,2,4,2,10,7
Stayed,25,Sales,Sales Executive,2,4950.0,No,10,4,3,5,4
Stayed,52,Research & Development,Manager,4,16555.0,No,4,4,4,31,5
Stayed,36,Sales,Sales Executive,3,9699.0,No,3,4,1,16,13
Stayed,26,Research & Development,Manufacturing Director,2,5472.0,No,2,4,4,8,8
Stayed,56,Research & Development,Research Scientist,1,2942.0,No,9,3,1,18,5
Stayed,34,Research & Development,Research Scientist,1,3815.0,Yes,10,3,4,5,5
Stayed,38,Sales,Sales Representative,1,2899.0,No,9,2,2,3,2
Stayed,36,Research & Development,Laboratory Technician,1,3210.0,No,6,4,4,16,15
Stayed,26,Research & Development,Laboratory Technician,1,3955.0,No,1,1,1,6,5
Left,29,Sales,Sales Executive,3,7336.0,No,23,1,4,11,11
Stayed,27,Research & Development,Research Scientist,1,3058.0,Yes,17,2,3,6,5
Left,31,Sales,Sales Representative,1,1359.0,No,1,3,2,1,1
Stayed,43,Sales,Sales Executive,2,6804.0,No,15,4,4,7,2
Stayed,36,Sales,Sales Executive,3,7587.0,No,8,1,1,10,10
Stayed,40,Research & Development,Laboratory Technician,1,2387.0,No,1,2,2,7,4
Stayed,22,Research & Development,Laboratory Technician,1,2523.0,No,2,4,3,3,2
Stayed,26,Research & Development,Laboratory Technician,1,4420.0,No,3,4,1,8,8
Stayed,31,Research & Development,Manufacturing Director,3,7143.0,Yes,7,4,3,11,11
Left,52,Sales,Sales Executive,3,8446.0,Yes,5,2,2,10,8
Stayed,28,Research & Development,Research Scientist,1,2070.0,No,9,4,4,5,5
Stayed,37,Research & Development,Research Scientist,1,2996.0,Yes,4,3,3,8,6
Stayed,42,Research & Development,Laboratory Technician,2,4272.0,No,29,4,2,16,1
Stayed,44,Research & Development,Research Scientist,1,2290.0,No,17,3,4,6,0
Stayed,28,Sales,Sales Representative,1,1052.0,No,10,2,4,1,1
Stayed,31,Research & Development,Healthcare Representative,2,6833.0,Yes,11,1,3,6,6
Left,19,Research & Development,Laboratory Technician,1,1102.0,No,2,4,2,1,1
Left,37,Research & Development,Laboratory Technician,1,2090.0,Yes,2,3,4,7,0
Stayed,45,Research & Development,Research Scientist,1,2274.0,No,2,3,2,1,1
Stayed,50,Research & Development,Laboratory Technician,1,2380.0,No,9,4,1,8,1
Stayed,51,Research & Development,Healthcare Representative,3,7484.0,No,1,1,1,23,13
Stayed,42,Research & Development,Research Scientist,2,2372.0,Yes,7,2,2,18,1
Stayed,32,Sales,Sales Executive,2,5010.0,No,6,3,2,12,11
Stayed,32,Sales,Sales Executive,2,4668.0,No,9,4,4,9,8
Stayed,32,Research & Development,Research Scientist,1,2956.0,No,1,1,4,1,1
Stayed,33,Sales,Sales Executive,3,8380.0,Yes,10,3,4,10,9
Stayed,47,Sales,Sales Executive,2,4163.0,Yes,4,4,4,9,9
Left,20,Research & Development,Research Scientist,1,2600.0,Yes,11,1,4,1,1
Left,29,Research & Development,Research Scientist,1,2546.0,No,25,2,3,6,2
Stayed,35,Sales,Sales Executive,2,4968.0,No,11,4,4,5,5
Stayed,29,Research & Development,Research Scientist,1,2201.0,No,23,4,4,6,3
Left,24,Sales,Sales Executive,2,4577.0,No,3,3,1,4,2
Stayed,32,Sales,Sales Representative,1,3931.0,No,4,2,3,6,4
Stayed,28,Research & Development,Laboratory Technician,2,6674.0,No,1,4,3,10,9
Stayed,35,Research & Development,Manager,3,11996.0,No,22,2,2,10,7
Stayed,34,Research & Development,Manufacturing Director,2,5121.0,No,8,1,2,7,0
Stayed,36,Research & Development,Manufacturing Director,2,8847.0,Yes,9,2,2,13,3
Stayed,52,Research & Development,Manager,5,17490.875,No,1,3,3,34,33
Stayed,35,Research & Development,Laboratory Technician,2,4425.0,No,2,2,2,10,6
Stayed,44,Research & Development,Healthcare Representative,2,6465.0,Yes,10,4,4,9,4
Left,22,Research & Development,Manufacturing Director,2,4171.0,Yes,3,3,2,4,3
Stayed,40,Research & Development,Research Scientist,1,2342.0,Yes,2,4,4,5,4
Left,33,Sales,Sales Executive,2,8224.0,Yes,9,1,1,6,5
Stayed,50,Human Resources,Manager,5,17490.875,No,3,2,1,32,32
Stayed,50,Research & Development,Manager,4,17490.875,No,2,1,4,32,2
Stayed,57,Research & Development,Healthcare Representative,2,6755.0,No,1,3,4,15,3
Left,35,Sales,Sales Executive,2,4614.0,Yes,18,3,4,5,4
Stayed,30,Research & Development,Manager,3,11916.0,Yes,17,1,2,9,9
Stayed,31,Sales,Sales Executive,2,5460.0,No,6,4,1,13,7
Stayed,52,Sales,Manager,5,17490.875,Yes,2,3,1,33,33
Stayed,33,Research & Development,Healthcare Representative,2,6949.0,No,1,4,2,6,5
Stayed,33,Sales,Sales Executive,2,6146.0,No,22,2,3,8,7
Stayed,34,Research & Development,Laboratory Technician,2,5429.0,No,29,3,2,10,8
Stayed,51,Research & Development,Laboratory Technician,1,2075.0,No,9,4,4,10,4
Stayed,50,Research & Development,Research Director,5,17490.875,No,4,2,1,28,10
Stayed,46,Sales,Manager,5,17490.875,No,4,2,4,26,11
Stayed,22,Research & Development,Laboratory Technician,1,2451.0,No,8,1,2,4,4
Stayed,29,Sales,Sales Executive,3,7918.0,No,1,4,2,11,11
Stayed,22,Research & Development,Research Scientist,1,2328.0,Yes,5,2,4,4,4
Stayed,46,Sales,Manager,4,17048.0,No,2,1,3,28,26
Stayed,29,Human Resources,Human Resources,3,7988.0,No,17,1,2,10,10
Stayed,38,Research & Development,Laboratory Technician,2,2406.0,No,29,4,4,10,10
Stayed,41,Research & Development,Research Scientist,1,2451.0,No,14,3,1,13,9
Stayed,40,Research & Development,Laboratory Technician,2,3975.0,No,9,3,3,11,8
Stayed,31,Sales,Sales Executive,3,9852.0,Yes,2,3,4,10,10
Stayed,50,Sales,Sales Executive,3,9208.0,No,12,4,3,16,2
Stayed,51,Human Resources,Manager,4,14026.0,Yes,5,2,3,33,33
Stayed,31,Research & Development,Manufacturing Director,3,8943.0,No,7,3,3,10,10
Stayed,45,Research & Development,Laboratory Technician,2,2348.0,No,9,2,2,20,17
Stayed,52,Research & Development,Research Scientist,1,4258.0,No,19,4,4,5,4
Left,58,Research & Development,Healthcare Representative,3,10312.0,No,23,4,4,40,40
Left,30,Research & Development,Research Scientist,1,2657.0,Yes,3,1,4,8,5
Stayed,29,Sales,Sales Executive,2,6644.0,No,2,2,1,10,0
Stayed,44,Research & Development,Healthcare Representative,3,10248.0,No,7,4,1,24,22
Stayed,36,Research & Development,Manufacturing Director,2,6499.0,No,11,2,2,6,6
Stayed,31,Research & Development,Research Scientist,1,2657.0,Yes,9,2,3,3,2
Stayed,21,Research & Development,Research Scientist,1,2070.0,Yes,1,2,4,2,2
Stayed,36,Sales,Sales Executive,3,9738.0,No,11,4,2,10,9
Stayed,25,Research & Development,Manufacturing Director,2,4898.0,No,1,3,1,5,4
Stayed,46,Research & Development,Manufacturing Director,2,5258.0,No,7,3,3,7,1
Stayed,29,Research & Development,Laboratory Technician,1,3983.0,No,9,4,2,4,3
Left,44,Research & Development,Laboratory Technician,1,3161.0,Yes,24,3,4,19,1
Stayed,26,Sales,Sales Executive,2,5296.0,No,1,3,3,8,8
Stayed,55,Research & Development,Manager,4,16756.0,No,2,1,3,31,9
Stayed,35,Research & Development,Laboratory Technician,1,1951.0,No,4,4,3,1,1
Left,29,Research & Development,Healthcare Representative,3,7553.0,Yes,14,4,3,9,8
Stayed,32,Research & Development,Manufacturing Director,2,6725.0,No,3,1,3,8,8
Left,41,Sales,Sales Representative,1,3140.0,Yes,20,2,2,4,4
Left,28,Research & Development,Research Scientist,1,4382.0,No,2,3,3,5,2
Stayed,35,Research & Development,Research Scientist,2,4249.0,Yes,4,3,3,9,9
Stayed,28,Research & Development,Laboratory Technician,1,2154.0,Yes,1,3,4,5,4
Stayed,45,Research & Development,Manufacturing Director,2,6434.0,No,7,3,1,9,3
Stayed,42,Research & Development,Manufacturing Director,2,4434.0,No,29,2,2,10,9
Stayed,29,Sales,Sales Executive,2,4649.0,No,2,3,4,4,4
Stayed,26,Research & Development,Research Scientist,1,2875.0,Yes,4,4,3,8,8
Stayed,59,Sales,Sales Executive,3,7637.0,No,25,1,1,28,21
Stayed,31,Research & Development,Research Scientist,1,2911.0,No,26,3,1,5,5
Stayed,52,Research & Development,Manufacturing Director,3,7969.0,Yes,3,3,4,28,5
Stayed,38,Research & Development,Healthcare Representative,3,8823.0,No,17,3,3,20,19
Stayed,30,Research & Development,Laboratory Technician,1,2720.0,No,2,4,2,6,5
Left,39,Research & Development,Healthcare Representative,4,12169.0,No,2,4,1,21,18
Stayed,34,Research & Development,Research Scientist,1,2979.0,No,3,4,3,6,0
Stayed,41,Research & Development,Research Scientist,2,3072.0,No,19,1,3,17,1
Left,26,Research & Development,Laboratory Technician,1,2340.0,Yes,24,4,3,1,1
Stayed,42,Research & Development,Research Scientist,1,2515.0,Yes,2,4,2,8,2
Stayed,41,Human Resources,Manager,5,17490.875,No,1,3,4,22,22
Stayed,30,Sales,Sales Executive,2,5301.0,No,16,3,4,4,2
Stayed,30,Research & Development,Laboratory Technician,2,3072.0,No,9,1,3,12,12
Left,19,Sales,Sales Representative,1,2121.0,Yes,21,2,4,1,1
Stayed,27,Research & Development,Research Scientist,1,2318.0,No,4,3,2,1,1
Stayed,38,Sales,Sales Executive,3,10609.0,No,3,3,1,17,16
Stayed,36,Sales,Sales Executive,2,5079.0,No,8,4,1,12,7
Left,32,Research & Development,Laboratory Technician,1,4200.0,No,9,1,1,10,5
Stayed,39,Sales,Sales Executive,2,5902.0,No,4,3,4,17,15
Left,33,Research & Development,Research Scientist,1,3348.0,Yes,3,1,1,10,10
Stayed,46,Research & Development,Manufacturing Director,2,4810.0,No,18,3,3,19,10
Stayed,46,Sales,Sales Executive,3,9071.0,Yes,10,4,3,15,3
Stayed,41,Research & Development,Laboratory Technician,1,4721.0,Yes,6,1,4,20,18
Stayed,39,Human Resources,Human Resources,2,6389.0,No,3,2,3,12,8
Left,34,Sales,Sales Executive,2,5304.0,Yes,19,4,1,9,5
Stayed,34,Research & Development,Research Director,3,11994.0,No,7,2,1,13,12
Stayed,29,Sales,Sales Executive,2,8268.0,Yes,10,2,4,7,7
Stayed,37,Research & Development,Research Scientist,1,3564.0,Yes,21,1,2,8,8
Stayed,35,Research & Development,Laboratory Technician,1,2269.0,No,8,4,4,1,1
Stayed,46,Research & Development,Healthcare Representative,3,9396.0,No,1,1,4,17,4
Left,47,Sales,Sales Executive,2,6397.0,Yes,27,3,2,8,5
Stayed,30,Research & Development,Research Scientist,1,3761.0,No,5,4,2,10,5
Stayed,29,Research & Development,Research Scientist,1,2514.0,No,28,4,3,11,7
Stayed,50,Research & Development,Laboratory Technician,1,3221.0,Yes,28,3,4,20,20
Stayed,34,Sales,Sales Executive,2,5714.0,No,9,3,2,6,6
Left,31,Research & Development,Manufacturing Director,2,6179.0,Yes,22,3,4,10,10
Stayed,48,Research & Development,Healthcare Representative,2,4240.0,No,6,3,1,19,2
Stayed,43,Research & Development,Healthcare Representative,2,4522.0,Yes,8,3,3,8,5
Stayed,34,Sales,Sales Executive,2,5337.0,No,21,4,4,10,10
Stayed,60,Sales,Sales Executive,2,5220.0,Yes,7,4,2,12,11
Stayed,52,Research & Development,Laboratory Technician,1,2950.0,No,8,1,3,12,5
Stayed,25,Research & Development,Research Scientist,1,2889.0,No,7,4,4,2,2
Stayed,46,Sales,Manager,5,17490.875,No,2,1,2,22,2
Stayed,29,Research & Development,Research Scientist,1,3760.0,No,1,4,1,3,3
Left,41,Sales,Sales Executive,2,9355.0,No,4,2,1,8,8
Stayed,45,Research & Development,Research Scientist,1,2654.0,No,10,4,1,8,2
Stayed,30,Sales,Sales Executive,2,4779.0,No,7,1,4,8,3
Stayed,33,Sales,Sales Executive,2,4539.0,No,25,3,2,10,10
Stayed,33,Human Resources,Human Resources,1,3600.0,No,2,3,2,5,5
Stayed,42,Research & Development,Laboratory Technician,1,3673.0,No,9,4,1,12,12
Stayed,43,Sales,Sales Executive,3,10231.0,No,4,4,4,23,21
Stayed,39,Research & Development,Manufacturing Director,4,12742.0,No,1,4,4,21,21
Stayed,39,Research & Development,Laboratory Technician,1,2232.0,No,1,3,3,7,3
Stayed,35,Sales,Sales Executive,3,10377.0,Yes,8,4,3,16,13
Left,26,Research & Development,Laboratory Technician,1,2373.0,Yes,16,2,1,5,3
Stayed,51,Sales,Sales Executive,2,4936.0,No,14,4,3,18,7
Stayed,40,Research & Development,Healthcare Representative,2,6377.0,No,2,3,2,15,12
Stayed,32,Sales,Sales Executive,2,6209.0,No,8,4,3,10,10
Stayed,28,Research & Development,Research Scientist,1,2377.0,No,9,3,3,6,2
Stayed,40,Sales,Manager,5,17490.875,No,2,3,3,21,20
Stayed,45,Research & Development,Laboratory Technician,3,5210.0,No,7,1,1,24,24
Stayed,44,Research & Development,Manager,5,17490.875,Yes,3,4,4,26,2
Stayed,50,Research & Development,Research Director,4,16880.0,Yes,28,1,4,25,3
Stayed,45,Research & Development,Laboratory Technician,2,3633.0,Yes,23,1,4,9,9
Stayed,35,Sales,Sales Executive,3,9069.0,No,18,1,2,9,9
Stayed,48,Research & Development,Manufacturing Director,3,7898.0,No,4,4,4,11,10
Stayed,40,Research & Development,Research Scientist,2,3319.0,No,24,4,1,9,9
Stayed,42,Human Resources,Human Resources,1,2696.0,Yes,2,3,3,4,3
Stayed,21,Research & Development,Research Scientist,1,3230.0,No,3,3,4,3,3
Stayed,38,Research & Development,Research Scientist,1,3057.0,Yes,2,3,4,6,1
Stayed,35,Research & Development,Laboratory Technician,1,4014.0,Yes,23,1,3,4,2
Left,28,Research & Development,Research Scientist,1,3464.0,Yes,2,4,1,5,3
Stayed,53,Sales,Manager,4,14852.0,No,2,3,3,22,17
Stayed,35,Research & Development,Manufacturing Director,3,9362.0,No,18,4,3,10,2
Stayed,36,Research & Development,Laboratory Technician,1,2088.0,No,3,2,4,13,8
Stayed,36,Research & Development,Healthcare Representative,3,10096.0,No,8,3,3,17,17
Stayed,59,Research & Development,Manufacturing Director,4,13726.0,Yes,2,4,3,30,5
Stayed,49,Sales,Sales Executive,4,13120.0,No,8,2,4,22,9
Stayed,36,Research & Development,Laboratory Technician,1,3038.0,No,6,4,2,5,1
Stayed,53,Research & Development,Research Director,4,14814.0,No,7,3,3,32,5
Stayed,53,Sales,Sales Executive,4,11836.0,No,8,4,1,28,2
Left,31,Research & Development,Manufacturing Director,3,7446.0,No,1,2,3,10,10
Stayed,29,Research & Development,Manufacturing Director,3,9980.0,No,21,1,2,10,10
Left,26,Research & Development,Research Scientist,1,2042.0,Yes,2,1,1,6,3
Left,20,Sales,Sales Representative,1,2044.0,No,2,3,3,2,2
Stayed,31,Sales,Sales Executive,2,6582.0,Yes,2,4,2,10,6
Stayed,33,Human Resources,Human Resources,1,2277.0,Yes,3,2,4,7,4
Stayed,25,Research & Development,Laboratory Technician,1,3229.0,No,1,4,1,7,3
Stayed,34,Research & Development,Healthcare Representative,3,8621.0,No,9,2,4,9,8
Stayed,33,Research & Development,Research Director,3,13458.0,Yes,1,4,1,15,15
Stayed,45,Research & Development,Manufacturing Director,3,9380.0,Yes,29,4,2,10,3
Stayed,40,Research & Development,Research Scientist,2,4422.0,Yes,26,4,3,16,1
Stayed,22,Research & Development,Research Scientist,1,2244.0,No,11,2,1,2,2
Left,38,Research & Development,Healthcare Representative,2,6673.0,Yes,29,1,2,17,1
Stayed,43,Research & Development,Research Director,4,16627.0,Yes,6,4,2,21,1
Stayed,48,Sales,Manager,3,12504.0,No,29,3,1,15,0
Stayed,18,Research & Development,Research Scientist,1,1051.0,No,5,4,2,0,0
Stayed,35,Research & Development,Manufacturing Director,3,8095.0,No,5,2,3,17,16
Stayed,28,Research & Development,Laboratory Technician,1,3867.0,Yes,2,4,4,2,2
Stayed,48,Research & Development,Manager,4,15402.0,No,1,1,4,21,3
Stayed,40,Research & Development,Manager,5,17490.875,No,4,3,4,21,20
Stayed,25,Sales,Sales Executive,2,4194.0,Yes,3,1,3,5,5
Left,29,Research & Development,Laboratory Technician,1,3339.0,Yes,7,3,2,10,7
Stayed,55,Research & Development,Manufacturing Director,3,10976.0,No,2,2,4,23,3
Stayed,31,Research & Development,Manufacturing Director,3,10648.0,No,9,2,3,13,13
Stayed,36,Research & Development,Manufacturing Director,2,4941.0,No,6,2,2,7,3
Stayed,38,Sales,Sales Executive,2,6893.0,No,2,1,2,11,7
Stayed,56,Research & Development,Research Scientist,1,4257.0,Yes,8,1,3,19,2
Stayed,59,Sales,Sales Executive,2,5473.0,No,1,3,1,20,4
Stayed,27,Research & Development,Research Scientist,1,2478.0,Yes,5,2,3,4,4
Stayed,35,Sales,Sales Executive,3,7823.0,No,3,4,4,12,10
Stayed,34,Research & Development,Laboratory Technician,1,2008.0,No,10,2,2,1,1
Stayed,42,Research & Development,Research Scientist,2,6545.0,Yes,17,1,4,10,3
Stayed,34,Research & Development,Research Scientist,2,4505.0,No,6,2,3,12,1
Stayed,41,Sales,Sales Executive,3,8392.0,No,1,1,2,10,10
Left,26,Human Resources,Human Resources,1,2741.0,Yes,17,3,2,8,7
Left,31,Research & Development,Laboratory Technician,1,2610.0,No,15,3,3,2,2
Left,19,Human Resources,Human Resources,1,2564.0,No,2,4,1,1,1
Stayed,32,Research & Development,Research Scientist,2,5175.0,No,8,3,3,9,5
Stayed,50,Sales,Sales Executive,2,6347.0,No,1,3,4,19,18
Stayed,36,Research & Development,Manufacturing Director,2,7779.0,No,18,4,1,18,11
Stayed,44,Sales,Manager,5,17490.875,No,5,2,2,26,22
Stayed,25,Sales,Sales Executive,2,4851.0,No,8,2,4,4,3
Stayed,33,Research & Development,Research Scientist,1,3452.0,No,13,4,2,5,3
Stayed,27,Research & Development,Research Scientist,1,2235.0,Yes,14,1,1,9,9
Stayed,29,Research & Development,Manufacturing Director,2,5056.0,Yes,8,4,2,10,10
Stayed,50,Research & Development,Laboratory Technician,1,3690.0,No,1,3,3,5,3
Stayed,25,Research & Development,Research Scientist,1,2096.0,No,1,2,4,2,2
Stayed,35,Human Resources,Human Resources,1,4323.0,No,8,3,3,6,5
Left,33,Sales,Sales Representative,1,2851.0,Yes,5,3,4,1,1
Stayed,57,Sales,Manager,4,14118.0,No,29,4,1,32,1
Left,39,Sales,Sales Representative,2,2086.0,No,5,4,4,19,1
Left,20,Sales,Sales Representative,1,2323.0,Yes,9,4,4,2,2
Stayed,58,Research & Development,Healthcare Representative,2,5660.0,Yes,1,3,4,12,5
Stayed,51,Research & Development,Manufacturing Director,2,5482.0,No,2,2,4,13,4
Stayed,33,Research & Development,Research Director,4,16184.0,No,1,3,1,10,6
Stayed,38,Sales,Sales Executive,3,7351.0,No,2,2,4,10,1
Stayed,37,Research & Development,Research Director,3,13603.0,Yes,1,4,1,15,5
Stayed,37,Research & Development,Research Scientist,1,3022.0,No,19,2,2,8,1
Left,33,Research & Development,Laboratory Technician,1,2707.0,No,2,1,1,13,9
Stayed,39,Research & Development,Manufacturing Director,2,4534.0,No,18,3,1,9,8
Left,22,Research & Development,Laboratory Technician,1,3894.0,No,4,3,3,4,2
Stayed,52,Research & Development,Laboratory Technician,2,3149.0,No,11,3,4,9,5
Stayed,40,Research & Development,Healthcare Representative,3,10322.0,No,20,4,1,14,11
Stayed,35,Sales,Sales Executive,2,4601.0,No,18,3,3,5,5
Stayed,47,Sales,Sales Representative,1,3294.0,Yes,2,4,4,3,3
Stayed,54,Human Resources,Manager,4,17328.0,Yes,26,4,4,23,5
Left,32,Research & Development,Laboratory Technician,1,2795.0,Yes,25,4,1,1,1
Stayed,29,Research & Development,Manufacturing Director,2,4319.0,No,1,3,4,10,10
Stayed,28,Research & Development,Research Scientist,1,2080.0,No,1,1,4,5,3
Stayed,36,Research & Development,Laboratory Technician,1,2519.0,No,2,3,3,16,11
Stayed,34,Human Resources,Human Resources,2,4490.0,No,11,2,3,14,10
Stayed,39,Research & Development,Manager,5,17490.875,No,7,4,3,21,21
Left,56,Research & Development,Research Scientist,1,4963.0,Yes,14,2,2,7,5
Stayed,44,Research & Development,Research Scientist,1,2011.0,No,2,4,1,10,10
Stayed,49,Research & Development,Laboratory Technician,3,7403.0,No,8,2,1,29,26
Left,42,Research & Development,Research Scientist,1,2759.0,Yes,19,3,3,7,2
Stayed,30,Sales,Sales Executive,2,4115.0,No,29,1,3,8,4
Stayed,40,Research & Development,Research Director,3,13757.0,No,8,2,4,16,9
Stayed,44,Research & Development,Laboratory Technician,1,3708.0,No,24,3,1,9,5
Stayed,52,Research & Development,Manufacturing Director,4,13826.0,No,25,4,3,31,9
Stayed,54,Research & Development,Research Director,4,17328.0,No,1,4,4,29,20
Left,25,Research & Development,Laboratory Technician,1,3691.0,Yes,4,4,4,7,7
Stayed,35,Research & Development,Healthcare Representative,2,5093.0,No,2,1,4,16,1
Stayed,29,Research & Development,Healthcare Representative,2,4335.0,No,27,3,2,11,8
Stayed,22,Research & Development,Laboratory Technician,1,2871.0,No,15,4,2,1,0
Stayed,38,Research & Development,Healthcare Representative,2,9824.0,No,10,3,3,18,1
Stayed,33,Sales,Sales Executive,2,4037.0,No,1,1,1,9,9
Left,25,Sales,Sales Representative,1,1118.0,Yes,24,4,3,1,1
Stayed,31,Research & Development,Manufacturing Director,2,4306.0,No,7,1,2,13,13
Stayed,29,Sales,Sales Executive,2,5561.0,No,3,3,2,6,6
Stayed,29,Sales,Sales Representative,1,2157.0,No,20,4,3,3,3
Stayed,54,Research & Development,Research Scientist,2,4869.0,No,20,3,4,20,4
Stayed,54,Research & Development,Manufacturing Director,2,5485.0,Yes,19,1,4,9,5
Left,31,Research & Development,Research Scientist,1,2321.0,Yes,9,1,3,4,3
Stayed,47,Research & Development,Research Scientist,1,3420.0,No,1,4,1,17,6
Stayed,36,Research & Development,Healthcare Representative,2,5237.0,No,27,3,3,17,7
Stayed,41,Research & Development,Research Scientist,1,2127.0,Yes,5,3,2,7,4
Left,29,Sales,Sales Executive,2,5765.0,No,13,2,1,7,5
Left,18,Sales,Sales Representative,1,1878.0,Yes,5,2,2,0,0
Stayed,32,Research & Development,Research Scientist,2,5055.0,No,2,4,1,10,7
Stayed,42,Research & Development,Manager,5,17490.875,No,4,4,3,22,22
Stayed,58,Sales,Sales Executive,4,13872.0,No,10,3,4,38,37
Stayed,37,Research & Development,Manufacturing Director,2,6347.0,No,5,4,4,8,6
Stayed,39,Research & Development,Manufacturing Director,3,10880.0,Yes,22,1,4,21,21
Stayed,31,Sales,Sales Executive,2,7547.0,No,7,4,4,13,7
Stayed,45,Sales,Sales Executive,2,5006.0,Yes,4,1,3,9,5
Stayed,26,Human Resources,Human Resources,1,2942.0,No,25,3,3,8,8
Left,28,Research & Development,Laboratory Technician,1,3441.0,Yes,5,3,3,2,2
Stayed,35,Sales,Sales Executive,2,4859.0,No,1,3,1,5,5
Stayed,30,Research & Development,Laboratory Technician,1,2097.0,No,3,4,3,9,5
Stayed,34,Research & Development,Manufacturing Director,2,4033.0,No,2,3,4,5,3
Stayed,43,Sales,Sales Executive,3,10798.0,No,25,4,3,18,1
Stayed,35,Research & Development,Healthcare Representative,2,6540.0,No,9,2,3,10,1
Stayed,35,Sales,Sales Executive,2,8966.0,Yes,17,1,3,15,7
Stayed,54,Research & Development,Laboratory Technician,2,3780.0,No,8,3,3,19,1
Stayed,20,Sales,Sales Representative,1,2678.0,No,21,4,3,2,2
Left,33,Research & Development,Research Scientist,1,2686.0,Yes,1,4,4,10,10
Stayed,41,Research & Development,Research Director,5,17490.875,No,9,3,1,21,18
Stayed,56,Human Resources,Manager,5,17490.875,No,8,2,4,36,7
Stayed,27,Sales,Sales Executive,2,4478.0,Yes,2,3,4,5,5
Stayed,44,Research & Development,Research Scientist,2,4541.0,No,29,4,4,20,20
Stayed,34,Research & Development,Research Scientist,1,2585.0,No,20,3,3,2,1
Stayed,34,Human Resources,Human Resources,1,3737.0,No,3,4,3,4,3
Stayed,34,Sales,Sales Executive,2,6538.0,No,4,3,3,6,3
Stayed,18,Research & Development,Laboratory Technician,1,1611.0,No,1,4,4,0,0
Stayed,33,Research & Development,Research Scientist,1,2911.0,No,5,4,3,2,2
Left,36,Research & Development,Laboratory Technician,1,2743.0,No,16,1,3,18,17
Stayed,34,Research & Development,Research Scientist,1,3280.0,No,1,4,2,10,4
Stayed,55,Research & Development,Manager,4,16659.0,Yes,2,4,3,30,5
Stayed,25,Research & Development,Laboratory Technician,1,3669.0,No,19,4,4,7,3
Stayed,30,Sales,Sales Executive,3,8412.0,No,22,1,3,10,9
Stayed,28,Research & Development,Laboratory Technician,2,4558.0,No,17,1,3,10,10
Stayed,42,Sales,Manager,5,17490.875,No,5,3,4,21,1
Left,48,Research & Development,Laboratory Technician,3,5381.0,Yes,1,3,1,23,1
Stayed,41,Research & Development,Laboratory Technician,1,4766.0,Yes,12,4,2,6,1
Stayed,28,Sales,Sales Executive,2,4908.0,No,5,4,1,4,4
Stayed,35,Research & Development,Laboratory Technician,1,3917.0,No,10,4,2,3,3
Stayed,37,Research & Development,Research Scientist,1,2115.0,No,1,4,4,17,17
Stayed,40,Research & Development,Laboratory Technician,2,3448.0,No,2,3,2,20,1
Stayed,41,Research & Development,Research Director,5,17490.875,No,7,3,2,21,21
Stayed,24,Sales,Sales Executive,2,4260.0,Yes,10,3,4,5,5
Stayed,30,Research & Development,Laboratory Technician,2,4011.0,No,1,4,3,12,12
Stayed,36,Sales,Sales Executive,3,7596.0,No,2,3,2,10,10
Stayed,53,Research & Development,Manager,5,17490.875,No,7,3,4,26,7
Stayed,26,Research & Development,Research Scientist,1,3904.0,No,2,4,1,5,4
Stayed,27,Research & Development,Laboratory Technician,1,3468.0,No,2,2,1,6,2
Stayed,53,Sales,Sales Executive,3,10934.0,Yes,7,4,1,35,5
Stayed,52,Research & Development,Healthcare Representative,3,10445.0,No,7,2,2,18,8
Stayed,29,Sales,Sales Executive,2,6931.0,No,20,4,4,10,3
Stayed,42,Research & Development,Laboratory Technician,1,2576.0,No,1,1,2,8,5
Stayed,30,Sales,Sales Representative,1,2983.0,No,7,2,4,4,3
Stayed,35,Sales,Sales Executive,3,8020.0,No,16,2,3,12,11
Left,35,Research & Development,Manufacturing Director,2,5916.0,Yes,23,3,2,8,1
Stayed,49,Research & Development,Manufacturing Director,2,6804.0,Yes,18,4,4,7,7
Left,26,Sales,Sales Executive,2,5326.0,No,8,1,4,6,4
Stayed,32,Research & Development,Laboratory Technician,1,3068.0,No,2,4,4,8,7
Stayed,30,Research & Development,Research Scientist,1,2613.0,No,23,3,1,10,10
Stayed,53,Research & Development,Research Director,4,17490.875,Yes,3,3,3,21,5
Stayed,31,Research & Development,Healthcare Representative,2,5582.0,No,23,4,2,10,9
Stayed,27,Research & Development,Manufacturing Director,2,4298.0,No,1,1,3,6,2
Left,46,Sales,Sales Executive,3,9619.0,No,9,4,3,9,9
Stayed,46,Research & Development,Research Director,4,17490.875,No,2,3,1,26,3
Left,18,Research & Development,Laboratory Technician,1,1420.0,No,3,3,3,0,0
Left,26,Research & Development,Research Scientist,1,2366.0,Yes,5,3,3,8,8
Left,25,Sales,Sales Representative,1,4400.0,No,9,1,1,6,3
Stayed,48,Sales,Sales Executive,2,5486.0,No,7,1,3,15,2
Stayed,44,Research & Development,Laboratory Technician,1,2818.0,Yes,8,4,1,10,3
Stayed,31,Research & Development,Research Director,4,16422.0,No,8,2,1,9,3
Stayed,33,Sales,Sales Executive,2,9998.0,No,5,4,2,8,5
Stayed,30,Sales,Sales Executive,2,4736.0,Yes,25,3,4,4,2
Stayed,37,Research & Development,Manufacturing Director,2,6447.0,No,1,2,2,8,6
Stayed,29,Research & Development,Research Scientist,1,2340.0,No,15,4,3,6,6
Left,24,Research & Development,Laboratory Technician,1,2886.0,Yes,7,3,1,6,6
Stayed,51,Sales,Sales Executive,2,5441.0,Yes,21,4,3,11,10
Stayed,45,Research & Development,Research Scientist,1,4477.0,Yes,7,3,1,7,3
Left,44,Research & Development,Healthcare Representative,3,7978.0,No,15,4,1,10,10
Stayed,40,Research & Development,Healthcare Representative,2,4244.0,No,2,2,3,8,8
Stayed,34,Research & Development,Research Scientist,1,2691.0,No,1,4,2,10,10
Stayed,56,Research & Development,Research Scientist,1,2066.0,No,1,1,1,5,3
Stayed,33,Research & Development,Laboratory Technician,1,2496.0,No,2,4,3,7,1
Stayed,55,Research & Development,Healthcare Representative,4,13577.0,Yes,8,2,4,34,33
Stayed,46,Sales,Manager,4,17465.0,No,3,3,1,23,12
Stayed,27,Sales,Sales Executive,2,6349.0,Yes,1,2,3,6,5
Stayed,45,Research & Development,Manager,5,17490.875,No,25,2,2,22,0
Stayed,55,Research & Development,Research Director,4,14732.0,No,1,4,2,31,7
Stayed,27,Sales,Sales Representative,1,2534.0,No,11,4,3,5,1
Stayed,28,Sales,Sales Executive,2,4779.0,Yes,2,2,2,8,8
Stayed,42,Sales,Sales Executive,2,6244.0,No,14,3,3,10,5
Left,29,Research & Development,Research Scientist,1,2058.0,No,1,3,3,7,6
Stayed,29,Research & Development,Research Scientist,1,2168.0,Yes,15,4,2,6,5
Stayed,47,Sales,Sales Executive,2,4960.0,No,14,1,4,20,7
Stayed,32,Research & Development,Laboratory Technician,1,2743.0,No,13,2,3,2,2
Left,24,Sales,Sales Representative,1,3202.0,Yes,1,2,1,6,5
Stayed,34,Research & Development,Healthcare Representative,2,6687.0,No,2,4,3,14,14
Stayed,37,Research & Development,Manufacturing Director,3,7491.0,No,1,4,2,12,6
Stayed,32,Sales,Sales Executive,2,4465.0,No,26,4,3,4,3
Stayed,27,Sales,Sales Executive,2,6214.0,No,8,2,2,8,8
Stayed,42,Research & Development,Laboratory Technician,1,2593.0,Yes,2,1,4,10,9
Stayed,38,Sales,Sales Executive,2,4028.0,No,7,4,4,8,7
Stayed,49,Research & Development,Healthcare Representative,4,13964.0,Yes,1,3,3,25,7
Stayed,34,Sales,Sales Executive,2,9725.0,No,1,4,2,16,15
Stayed,40,Sales,Sales Executive,3,10475.0,Yes,5,1,4,20,18
Stayed,38,Research & Development,Laboratory Technician,1,1702.0,Yes,2,4,4,1,1
Stayed,27,Research & Development,Research Scientist,1,1706.0,No,3,4,4,0,0
Stayed,38,Sales,Sales Executive,2,5249.0,No,2,4,4,13,8
Stayed,47,Research & Development,Research Director,5,17490.875,No,5,3,4,21,3
Stayed,38,Research & Development,Manufacturing Director,2,6261.0,No,29,4,4,9,7
Stayed,30,Research & Development,Research Scientist,1,2632.0,No,18,3,1,5,5
Stayed,28,Research & Development,Research Scientist,1,2703.0,Yes,6,3,3,3,3
Stayed,27,Research & Development,Research Scientist,1,2187.0,No,6,3,1,6,5
Stayed,46,Human Resources,Human Resources,1,3423.0,No,1,1,4,10,7
Left,40,Sales,Sales Executive,4,13194.0,Yes,24,2,2,22,1
Stayed,55,Research & Development,Manager,5,17490.875,No,2,3,4,23,19
Stayed,26,Research & Development,Research Scientist,1,2886.0,No,23,4,1,3,3
Stayed,35,Research & Development,Laboratory Technician,1,2376.0,No,4,4,4,2,2
Stayed,42,Research & Development,Healthcare Representative,2,4089.0,No,2,4,3,10,10
Stayed,40,Sales,Sales Executive,2,6852.0,No,10,2,2,7,5
Stayed,19,Research & Development,Laboratory Technician,1,1483.0,No,3,2,2,1,1
Left,39,Research & Development,Laboratory Technician,1,3646.0,Yes,2,1,1,11,1
Stayed,49,Research & Development,Healthcare Representative,3,10466.0,No,7,2,3,29,8
Stayed,20,Research & Development,Research Scientist,1,2836.0,No,1,2,4,1,1
Stayed,32,Sales,Sales Executive,2,5484.0,No,7,3,4,13,13
Stayed,36,Sales,Sales Executive,3,9980.0,No,10,4,2,10,10
Stayed,43,Sales,Manager,4,16959.0,Yes,26,4,3,25,25
Stayed,26,Research & Development,Laboratory Technician,1,4364.0,No,1,4,1,5,2
Left,27,Sales,Sales Representative,1,3041.0,No,2,1,3,5,4
Stayed,42,Research & Development,Laboratory Technician,1,2093.0,No,5,3,2,8,2
Stayed,34,Sales,Sales Executive,2,4759.0,No,3,1,4,15,13
Left,55,Sales,Sales Executive,4,13695.0,Yes,13,3,1,24,19
Stayed,42,Research & Development,Laboratory Technician,2,5231.0,Yes,3,4,3,17,5
Stayed,33,Sales,Sales Executive,2,4302.0,No,7,2,4,4,3
Stayed,30,Research & Development,Laboratory Technician,1,2693.0,No,24,3,4,1,1
Stayed,35,Research & Development,Laboratory Technician,1,2258.0,No,1,3,4,10,8
Stayed,42,Sales,Sales Executive,2,5155.0,No,4,1,2,9,6
Stayed,40,Research & Development,Research Scientist,1,3617.0,Yes,9,2,4,3,1
Stayed,34,Sales,Sales Executive,2,6274.0,No,2,4,4,6,6
Stayed,50,Research & Development,Manager,4,17046.0,No,29,3,2,28,27
Stayed,45,Research & Development,Research Scientist,1,3452.0,No,29,4,3,9,6
Left,21,Sales,Sales Representative,1,2716.0,No,12,2,3,1,1
Stayed,37,Research & Development,Research Scientist,1,3920.0,No,1,1,3,17,3
Stayed,33,Sales,Sales Executive,2,4682.0,No,10,4,2,9,7
Stayed,47,Research & Development,Manager,4,16752.0,Yes,2,4,3,26,26
Left,30,Sales,Sales Representative,1,2033.0,No,12,1,2,1,1
Stayed,27,Research & Development,Manufacturing Director,3,7412.0,No,1,1,3,9,9
Stayed,50,Research & Development,Manager,4,17490.875,No,2,1,1,31,31
Left,29,Research & Development,Laboratory Technician,1,2319.0,Yes,1,1,2,1,1
Stayed,36,Sales,Sales Executive,2,5647.0,No,16,1,3,11,3
Stayed,45,Research & Development,Research Scientist,3,9724.0,No,7,1,2,25,1
Left,50,Sales,Sales Executive,2,6796.0,Yes,8,3,2,18,4
Stayed,33,Research & Development,Healthcare Representative,2,5488.0,Yes,1,2,3,6,6
Stayed,46,Research & Development,Manufacturing Director,2,7379.0,No,2,4,4,12,6
Stayed,54,Human Resources,Human Resources,3,10725.0,No,19,2,3,16,9
Stayed,47,Sales,Sales Executive,2,4537.0,Yes,2,4,3,8,7
Stayed,33,Sales,Sales Executive,2,7104.0,No,8,3,3,6,5
Stayed,35,Research & Development,Manufacturing Director,3,10685.0,Yes,9,3,4,17,17
Stayed,39,Research & Development,Laboratory Technician,2,6782.0,No,9,2,3,9,5
Stayed,38,Research & Development,Healthcare Representative,2,5745.0,No,23,4,4,10,2
Stayed,54,Sales,Sales Executive,3,10686.0,No,2,3,3,13,9
Stayed,37,Research & Development,Manufacturing Director,2,4197.0,Yes,10,2,3,18,1
Stayed,20,Research & Development,Laboratory Technician,1,3033.0,No,3,3,1,2,2
Stayed,40,Research & Development,Laboratory Technician,2,5094.0,No,16,3,1,10,1
Stayed,51,Sales,Manager,5,17490.875,Yes,9,2,4,31,29
Left,34,Research & Development,Laboratory Technician,2,6074.0,Yes,7,3,1,9,9
Stayed,34,Research & Development,Laboratory Technician,1,3294.0,No,1,2,4,7,5
Stayed,42,Research & Development,Manufacturing Director,3,7406.0,Yes,24,1,4,10,10
Stayed,30,Research & Development,Research Scientist,1,1274.0,No,7,3,3,1,1
Stayed,50,Research & Development,Manager,5,17490.875,No,11,2,3,21,5
Stayed,31,Research & Development,Research Scientist,1,2501.0,No,1,2,3,1,1
Stayed,41,Research & Development,Research Scientist,2,5467.0,Yes,22,4,4,12,6
Stayed,41,Research & Development,Manager,4,17181.0,No,10,1,4,21,7
Stayed,52,Research & Development,Manager,4,17099.0,No,1,4,4,26,9
Stayed,40,Research & Development,Research Scientist,2,4661.0,No,2,4,3,9,9
Stayed,49,Research & Development,Research Director,5,17490.875,Yes,10,1,3,22,3
Stayed,27,Sales,Sales Executive,2,5769.0,Yes,10,4,4,6,6
Stayed,38,Research & Development,Research Scientist,1,3944.0,Yes,2,4,4,6,3
Stayed,51,Sales,Sales Executive,3,10596.0,No,2,2,2,14,4
Stayed,40,Research & Development,Research Scientist,1,2345.0,No,2,3,3,8,3
Stayed,29,Research & Development,Laboratory Technician,1,3131.0,No,6,4,2,10,10
Stayed,40,Sales,Sales Executive,3,9705.0,No,10,2,1,11,1
Stayed,30,Research & Development,Manufacturing Director,2,6091.0,No,2,4,3,11,5
Stayed,29,Research & Development,Manufacturing Director,2,4262.0,No,19,4,4,8,3
Stayed,35,Sales,Sales Executive,3,7295.0,No,1,2,3,10,10
Stayed,45,Sales,Manager,4,17490.875,No,11,4,4,26,9
Stayed,43,Research & Development,Manufacturing Director,3,10820.0,No,27,1,3,18,8
Stayed,47,Research & Development,Research Director,4,17169.0,No,2,3,1,26,20
Stayed,51,Research & Development,Manufacturing Director,4,13142.0,No,11,2,4,29,5
Stayed,46,Research & Development,Manufacturing Director,3,10845.0,No,7,3,4,13,8
Left,44,Human Resources,Human Resources,3,10482.0,No,1,1,2,24,20
Stayed,29,Research & Development,Research Director,4,16124.0,No,1,4,4,9,7
Stayed,46,Sales,Sales Executive,3,10453.0,No,1,1,2,24,24
Left,29,Sales,Sales Representative,1,2800.0,Yes,1,3,2,5,3
Stayed,40,Sales,Sales Executive,2,5715.0,No,2,2,4,8,5
Left,30,Sales,Sales Executive,2,6696.0,No,26,1,3,9,6
Stayed,42,Research & Development,Manufacturing Director,2,6062.0,Yes,1,4,4,8,4
Stayed,41,Research & Development,Healthcare Representative,2,6811.0,Yes,2,3,1,10,8
Stayed,42,Research & Development,Manager,4,17490.875,Yes,2,3,3,21,20
Stayed,25,Sales,Sales Representative,1,2096.0,No,13,3,2,7,7
Left,31,Sales,Sales Executive,2,4233.0,No,13,1,2,9,3
Stayed,41,Research & Development,Manufacturing Director,2,6032.0,Yes,6,2,4,8,5
Stayed,36,Research & Development,Manufacturing Director,2,5410.0,Yes,2,2,3,18,16
Stayed,38,Research & Development,Healthcare Representative,2,6288.0,No,12,1,1,13,4
Stayed,35,Research & Development,Research Scientist,1,2506.0,No,1,3,4,7,2
Stayed,45,Sales,Sales Executive,2,5593.0,No,9,3,2,15,15
Stayed,47,Sales,Sales Executive,4,13770.0,Yes,3,3,4,28,22
Stayed,56,Research & Development,Manager,5,17490.875,No,4,1,4,28,5
Stayed,59,Human Resources,Manager,5,17490.875,No,2,4,3,30,3
Left,28,Research & Development,Research Scientist,1,2216.0,Yes,1,2,1,10,7
Left,50,Sales,Sales Executive,2,4728.0,Yes,1,3,4,5,0
Stayed,30,Research & Development,Manufacturing Director,2,6877.0,Yes,2,4,3,12,0
Stayed,30,Research & Development,Laboratory Technician,1,2206.0,No,9,3,4,10,10
Stayed,21,Sales,Sales Representative,1,2610.0,No,9,4,1,3,3
Left,35,Research & Development,Laboratory Technician,1,3743.0,Yes,14,2,3,5,4
Stayed,40,Research & Development,Laboratory Technician,1,2213.0,Yes,10,3,4,10,7
Stayed,56,Research & Development,Healthcare Representative,4,11103.0,No,9,4,3,30,10
Stayed,46,Research & Development,Research Director,5,17490.875,No,15,2,4,25,4
Stayed,40,Research & Development,Laboratory Technician,2,2741.0,Yes,19,4,3,15,7
Stayed,46,Human Resources,Human Resources,2,5021.0,Yes,5,2,2,16,4
Stayed,35,Sales,Sales Executive,2,4312.0,No,1,1,3,16,15
Stayed,40,Research & Development,Research Director,3,13499.0,No,9,3,2,20,18
Stayed,36,Research & Development,Research Director,3,11713.0,No,8,1,1,10,8
Stayed,43,Research & Development,Research Scientist,2,4081.0,Yes,6,3,1,20,20
Stayed,31,Sales,Sales Representative,1,2789.0,No,5,2,4,2,2
Stayed,36,Human Resources,Human Resources,1,2143.0,No,13,2,3,8,5
Stayed,36,Research & Development,Manufacturing Director,3,10252.0,Yes,1,1,3,17,7
Stayed,45,Sales,Sales Representative,2,6632.0,No,2,3,2,9,8
Stayed,27,Research & Development,Research Scientist,1,2566.0,Yes,3,3,3,1,1
Stayed,51,Research & Development,Research Director,5,17490.875,No,6,3,1,23,20
Stayed,53,Sales,Sales Executive,3,7525.0,No,2,2,3,30,15
Left,31,Research & Development,Healthcare Representative,3,9824.0,No,20,3,1,12,1
Stayed,35,Research & Development,Research Scientist,1,2559.0,No,27,1,3,6,6
Stayed,27,Research & Development,Laboratory Technician,1,2099.0,No,11,1,2,6,5
Stayed,27,Research & Development,Laboratory Technician,1,3816.0,No,1,2,4,5,5
Stayed,34,Research & Development,Manufacturing Director,2,5957.0,No,2,1,4,13,11
Stayed,24,Sales,Sales Executive,2,4999.0,No,3,3,1,4,3
Stayed,38,Research & Development,Research Scientist,1,2610.0,No,7,3,4,4,4
Stayed,41,Sales,Sales Executive,2,6151.0,No,10,2,3,19,19
Stayed,46,Sales,Manager,4,16872.0,Yes,2,2,3,28,7
Stayed,30,Sales,Sales Executive,2,6577.0,No,12,3,2,6,5
Stayed,46,Research & Development,Research Director,5,17490.875,No,1,4,4,23,2
Stayed,27,Research & Development,Healthcare Representative,2,6811.0,No,7,1,4,9,7
Stayed,32,Research & Development,Research Scientist,2,4998.0,Yes,2,3,4,10,8
Stayed,41,Sales,Manager,3,13591.0,Yes,6,4,4,16,1
Left,21,Sales,Sales Representative,1,2174.0,Yes,1,2,1,3,3
Stayed,34,Research & Development,Research Scientist,1,2996.0,No,1,1,4,10,4
Stayed,36,Research & Development,Laboratory Technician,1,3688.0,No,18,4,3,4,1
Stayed,34,Sales,Sales Representative,1,2231.0,No,2,3,3,6,4
Left,26,Research & Development,Laboratory Technician,1,2293.0,No,25,3,1,1,1
Stayed,48,Research & Development,Laboratory Technician,1,2559.0,No,2,2,4,7,1
Stayed,53,Research & Development,Manufacturing Director,2,4450.0,No,13,1,4,5,4
Stayed,39,Sales,Sales Executive,2,6120.0,Yes,21,4,1,8,5
Stayed,31,Sales,Sales Executive,3,10793.0,No,8,4,1,13,13
Stayed,27,Sales,Sales Executive,2,5071.0,No,2,4,4,8,6
Stayed,45,Sales,Sales Executive,3,10761.0,Yes,9,1,4,18,5
Stayed,32,Research & Development,Laboratory Technician,1,2794.0,No,7,2,2,5,5
Stayed,56,Research & Development,Manufacturing Director,3,7260.0,No,7,4,4,37,6
Stayed,51,Research & Development,Manufacturing Director,2,6132.0,No,7,3,2,10,1
Stayed,50,Research & Development,Research Director,4,17490.875,No,2,3,3,30,4
Stayed,28,Research & Development,Manufacturing Director,3,7655.0,No,3,2,4,10,9
Left,33,Research & Development,Research Scientist,2,4508.0,No,29,3,1,14,13
Left,29,Research & Development,Research Scientist,1,2404.0,Yes,10,1,4,3,0
Stayed,41,Research & Development,Manufacturing Director,2,5003.0,No,7,3,4,8,2
Left,52,Research & Development,Research Scientist,2,4941.0,No,8,2,3,11,8
Left,22,Research & Development,Research Scientist,1,2853.0,Yes,3,4,3,1,0
Stayed,28,Research & Development,Laboratory Technician,1,3196.0,No,19,1,4,6,6
Stayed,27,Research & Development,Research Scientist,1,2045.0,No,3,4,1,5,4
Stayed,47,Sales,Sales Representative,2,2976.0,No,4,3,2,5,0
Stayed,44,Research & Development,Laboratory Technician,2,2042.0,No,23,2,2,17,3
Stayed,33,Research & Development,Research Scientist,1,2756.0,No,14,2,4,8,8
Stayed,35,Research & Development,Manufacturing Director,3,10274.0,No,2,2,3,15,7
Stayed,45,Research & Development,Research Director,3,13245.0,Yes,6,1,4,17,0
Stayed,35,Research & Development,Healthcare Representative,3,10388.0,Yes,25,3,3,16,16
Stayed,34,Research & Development,Manager,3,11631.0,No,5,1,3,14,11
Stayed,24,Sales,Sales Executive,2,4162.0,Yes,4,3,4,5,5
Left,26,Sales,Sales Executive,2,5828.0,Yes,4,4,4,8,8
Stayed,32,Sales,Sales Executive,2,4078.0,Yes,2,2,3,4,3
Stayed,43,Research & Development,Research Scientist,1,2645.0,No,2,3,4,6,5
Stayed,34,Research & Development,Laboratory Technician,1,2661.0,No,19,4,2,3,2
Stayed,37,Research & Development,Healthcare Representative,2,4107.0,No,3,2,4,8,4
Stayed,32,Research & Development,Manufacturing Director,2,6162.0,No,4,3,3,14,14
Stayed,31,Human Resources,Human Resources,2,6410.0,No,2,1,1,9,2
Stayed,25,Research & Development,Healthcare Representative,2,4000.0,No,5,1,2,6,6
Stayed,30,Sales,Sales Executive,2,5209.0,Yes,4,2,3,11,11
Left,28,Research & Development,Laboratory Technician,1,2596.0,No,1,2,1,1,1
Stayed,35,Research & Development,Manufacturing Director,3,10903.0,No,25,2,4,16,13
Stayed,33,Research & Development,Healthcare Representative,3,7119.0,No,5,4,4,9,3
Stayed,30,Sales,Sales Executive,2,6118.0,No,5,3,4,10,10
Stayed,24,Research & Development,Laboratory Technician,1,2694.0,No,9,2,3,1,1
Stayed,45,Research & Development,Laboratory Technician,2,4447.0,No,4,2,3,9,9
Stayed,25,Sales,Sales Executive,2,8639.0,No,28,3,1,6,2
Stayed,35,Research & Development,Research Scientist,1,2859.0,No,1,3,2,6,6
Stayed,48,Research & Development,Research Scientist,1,2259.0,No,20,3,4,13,0
Stayed,53,Research & Development,Manager,5,17490.875,No,5,3,3,26,14
Stayed,31,Sales,Sales Representative,1,2329.0,No,7,3,2,13,7
Stayed,58,Research & Development,Research Scientist,1,2372.0,No,23,3,1,2,2
Left,31,Sales,Sales Representative,1,2785.0,No,2,4,3,3,1
Stayed,39,Sales,Sales Executive,3,7880.0,No,2,3,1,9,8
Stayed,51,Research & Development,Research Director,3,12490.0,No,8,2,2,16,10
Stayed,41,Sales,Sales Executive,2,4103.0,No,1,1,3,10,9
Stayed,29,Research & Development,Research Scientist,1,3291.0,No,10,2,4,8,7
Left,58,Research & Development,Laboratory Technician,1,2380.0,Yes,2,4,4,3,1
Stayed,49,Research & Development,Research Scientist,2,5130.0,No,8,2,3,10,10
Stayed,51,Research & Development,Research Scientist,1,2723.0,No,1,4,3,1,1
Stayed,24,Research & Development,Laboratory Technician,1,2127.0,No,17,2,4,1,1
Left,39,Research & Development,Research Scientist,1,3904.0,No,23,1,3,6,5
Stayed,52,Research & Development,Laboratory Technician,1,3212.0,No,2,4,3,6,2
Stayed,35,Research & Development,Research Scientist,2,6646.0,No,6,4,2,17,17
Left,45,Sales,Manager,5,17490.875,Yes,2,2,1,26,24
Stayed,30,Research & Development,Research Director,3,11416.0,Yes,8,1,2,9,8
Left,26,Sales,Sales Executive,2,4969.0,No,29,1,2,7,2
Stayed,34,Research & Development,Research Scientist,1,2311.0,No,27,2,4,9,3
Stayed,51,Research & Development,Laboratory Technician,1,2838.0,No,6,3,2,8,7
Stayed,38,Sales,Sales Executive,2,5605.0,Yes,7,1,1,8,8
Stayed,44,Research & Development,Research Scientist,1,2559.0,Yes,9,1,2,8,8
Stayed,42,Research & Development,Research Scientist,2,4556.0,No,29,3,1,19,5
Stayed,38,Research & Development,Healthcare Representative,2,7625.0,No,1,4,2,10,9
Left,40,Sales,Sales Executive,3,9094.0,Yes,25,2,4,9,5
Stayed,34,Research & Development,Manufacturing Director,2,4325.0,No,1,2,1,5,5
Left,29,Research & Development,Research Scientist,1,2389.0,Yes,18,4,3,4,4
Stayed,27,Research & Development,Research Scientist,1,2517.0,No,4,3,1,5,5
Stayed,54,Research & Development,Research Director,3,13549.0,No,2,3,1,16,4
Stayed,48,Research & Development,Manager,4,16885.0,No,1,4,1,27,5
Stayed,44,Research & Development,Research Scientist,1,3420.0,No,20,2,4,6,5
Stayed,53,Sales,Sales Executive,2,8381.0,No,1,1,4,18,14
Left,28,Research & Development,Healthcare Representative,3,8722.0,No,24,1,2,10,10
Stayed,38,Research & Development,Manufacturing Director,3,7861.0,Yes,1,3,3,10,1
Left,28,Research & Development,Laboratory Technician,1,2515.0,Yes,12,4,3,1,1
Stayed,40,Research & Development,Research Scientist,1,3544.0,No,16,3,3,6,4
Left,19,Sales,Sales Representative,1,2325.0,No,1,1,3,1,0
